{"cameraMode":{"drawMode":0,"name":"Shaded","section":"Shading Mode"},"sceneLighting":true,"audioPlay":false,"sceneViewState":{"showFog":true,"showMaterialUpdate":false,"showSkybox":true,"showFlares":true,"showImageEffects":true,"showParticleSystems":true},"in2DMode":false,"pivot":{"x":-98.90924072265625,"y":-7.344814300537109,"z":-13.186596870422364},"rotation":{"x":0.041043128818273547,"y":0.8018637895584106,"z":-0.05541355162858963,"w":0.5935917496681213},"size":39.138572692871097,"orthographic":false}