{"cameraMode":{"drawMode":0,"name":"Shaded","section":"Shading Mode"},"sceneLighting":true,"audioPlay":false,"sceneViewState":{"showFog":true,"showMaterialUpdate":false,"showSkybox":true,"showFlares":true,"showImageEffects":true,"showParticleSystems":true},"in2DMode":false,"pivot":{"x":-17.785316467285158,"y":5.202406406402588,"z":0.43385252356529238},"rotation":{"x":-0.06540117412805557,"y":-0.8682971000671387,"z":-0.11898238211870194,"w":0.47714662551879885},"size":1.109572410583496,"orthographic":false}