{"cameraMode":{"drawMode":0,"name":"Shaded","section":"Shading Mode"},"sceneLighting":true,"audioPlay":false,"sceneViewState":{"showFog":true,"showMaterialUpdate":false,"showSkybox":true,"showFlares":true,"showImageEffects":true,"showParticleSystems":true},"in2DMode":false,"pivot":{"x":-23.286907196044923,"y":0.8034219741821289,"z":7.285802841186523},"rotation":{"x":-0.04490049555897713,"y":0.9148566126823425,"z":-0.10614760965108872,"w":-0.38699331879615786},"size":7.159947395324707,"orthographic":false}