{"cameraMode":{"drawMode":0,"name":"Shaded","section":"Shading Mode"},"sceneLighting":true,"audioPlay":false,"sceneViewState":{"showFog":true,"showMaterialUpdate":false,"showSkybox":true,"showFlares":true,"showImageEffects":true,"showParticleSystems":true},"in2DMode":false,"pivot":{"x":-6.551027774810791,"y":-5.932460784912109,"z":3.832881212234497},"rotation":{"x":0.21697396039962769,"y":0.3316093385219574,"z":-0.07842952758073807,"w":0.9148241877555847},"size":2.3833165168762209,"orthographic":false}