{"cameraMode":{"drawMode":0,"name":"Shaded","section":"Shading Mode"},"sceneLighting":true,"audioPlay":false,"sceneViewState":{"showFog":true,"showMaterialUpdate":false,"showSkybox":true,"showFlares":true,"showImageEffects":true,"showParticleSystems":true},"in2DMode":false,"pivot":{"x":-10.252434730529786,"y":-1.2992775440216065,"z":4.521302700042725},"rotation":{"x":-0.12270136177539826,"y":0.6498937606811523,"z":-0.10742047429084778,"w":-0.7423357963562012},"size":8.877806663513184,"orthographic":false}