{"cameraMode":{"drawMode":0,"name":"Shaded","section":"Shading Mode"},"sceneLighting":true,"audioPlay":false,"sceneViewState":{"showFog":true,"showMaterialUpdate":false,"showSkybox":true,"showFlares":true,"showImageEffects":true,"showParticleSystems":true},"in2DMode":false,"pivot":{"x":11.071968078613282,"y":2.084867000579834,"z":1.0292704105377198},"rotation":{"x":0.07525940984487534,"y":-0.6196932792663574,"z":0.05985977500677109,"w":0.778952419757843},"size":1.2743244171142579,"orthographic":false}