{"cameraMode":{"drawMode":0,"name":"Shaded","section":"Shading Mode"},"sceneLighting":true,"audioPlay":false,"sceneViewState":{"showFog":true,"showMaterialUpdate":false,"showSkybox":true,"showFlares":true,"showImageEffects":true,"showParticleSystems":true},"in2DMode":false,"pivot":{"x":1.609365463256836,"y":-0.16716861724853517,"z":5.608080863952637},"rotation":{"x":-0.1631285846233368,"y":0.41537347435951235,"z":-0.07592693716287613,"w":-0.8917243480682373},"size":7.991289138793945,"orthographic":false}