{"cameraMode":{"drawMode":0,"name":"Shaded","section":"Shading Mode"},"sceneLighting":true,"audioPlay":false,"sceneViewState":{"showFog":true,"showMaterialUpdate":false,"showSkybox":true,"showFlares":true,"showImageEffects":true,"showParticleSystems":true},"in2DMode":false,"pivot":{"x":29.997705459594728,"y":6.057039737701416,"z":-2.8884618282318117},"rotation":{"x":0.04598699137568474,"y":0.8545080423355103,"z":-0.07793966680765152,"w":0.5117006897926331},"size":0.4086938202381134,"orthographic":false}