{"cameraMode":{"drawMode":0,"name":"Shaded","section":"Shading Mode"},"sceneLighting":false,"audioPlay":false,"sceneViewState":{"showFog":true,"showMaterialUpdate":false,"showSkybox":false,"showFlares":true,"showImageEffects":true,"showParticleSystems":true},"in2DMode":false,"pivot":{"x":-7.457024574279785,"y":-0.018952608108520509,"z":-9.699873924255371},"rotation":{"x":0.34772709012031557,"y":-0.6268689036369324,"z":0.3681374490261078,"w":0.5921198725700378},"size":0.6109968423843384,"orthographic":false}