{"cameraMode":{"drawMode":0,"name":"Shaded","section":"Shading Mode"},"sceneLighting":true,"audioPlay":false,"sceneViewState":{"showFog":true,"showMaterialUpdate":false,"showSkybox":true,"showFlares":true,"showImageEffects":true,"showParticleSystems":true},"in2DMode":false,"pivot":{"x":14.247879981994629,"y":3.189620018005371,"z":9.141458511352539},"rotation":{"x":-0.02193335071206093,"y":-0.9022895097732544,"z":0.04636682942509651,"w":-0.428259938955307},"size":0.956366240978241,"orthographic":false}