{"cameraMode":{"drawMode":0,"name":"Shaded","section":"Shading Mode"},"sceneLighting":true,"audioPlay":false,"sceneViewState":{"showFog":true,"showMaterialUpdate":false,"showSkybox":false,"showFlares":true,"showImageEffects":true,"showParticleSystems":true},"in2DMode":false,"pivot":{"x":11.3706693649292,"y":3.5429446697235109,"z":-2.937425136566162},"rotation":{"x":0.08887354284524918,"y":-0.7514138221740723,"z":0.10343797504901886,"w":0.6455900073051453},"size":2.0395872592926027,"orthographic":false}