{"cameraMode":{"drawMode":0,"name":"Shaded","section":"Shading Mode"},"sceneLighting":true,"audioPlay":false,"sceneViewState":{"showFog":true,"showMaterialUpdate":false,"showSkybox":true,"showFlares":true,"showImageEffects":true,"showParticleSystems":true},"in2DMode":false,"pivot":{"x":82.87281799316406,"y":-3.2422990798950197,"z":-34.32591247558594},"rotation":{"x":0.01875360496342182,"y":0.8740545511245728,"z":-0.03351296856999397,"w":0.4844719171524048},"size":41.335269927978519,"orthographic":false}